Name,Address,Source
La Sala Restaurant,"1975A Queen St E, Toronto, ON M4L 1J1",Yellow Pages
El Gourmet Express Inc,"820 Church St, Toronto, ON M4W 2M9",Yellow Pages
THE SAJ WRAPS,"975 Bloor st W, Toronto, ON M6H 1L7",Yellow Pages
Bardi's Steak House,"56 York Street, Toronto, ON M5J 1S8",Yellow Pages
Asiamix Restaurant,"9,10-180 Steeles Ave W, Thornhill, ON L4J 2L1",Yellow Pages
Vozara Food Factory,"858 Eglinton Ave E, East York, ON M4G 2L1",Yellow Pages
Kalyvia Restaurant,"420 Danforth Ave, Toronto, ON M4K 1P3",Yellow Pages
Mezza Notte Trattoria,"3169 Dufferin St, North York, ON M6A 2S9",Yellow Pages
Dim Sum King,"421 Dundas St W, Toronto, ON M5T 2W4",Yellow Pages
Bardi's Steak House,"56 York Street, Toronto, ON M5J 1S8",Yellow Pages
Kingyo Izakaya,"51 Winchester St, Toronto, ON M4X 1A8",Yellow Pages
Taverna Mercatto,"120 Bremner, Toronto, ON M5J 3A6",Yellow Pages
Halibut House,"103-2151 St Clair Ave W, Toronto, ON M6N 1K5",Yellow Pages
Via Norte Restaurant,"938 College St, Toronto, ON M6H 1A4",Yellow Pages
Carens Rosedale,"1118 Yonge St, Toronto, ON M4W 2L6",Yellow Pages
Rose And Sons,"176 Dupont St, Toronto, ON M5R 2E6",Yellow Pages
Soos,"94 Ossington Ave, Toronto, ON M6J 2Z4",Yellow Pages
Mr. Greek,"333 Bremner Blvd, Toronto, ON M5V 3V3",Yellow Pages
BnB,"123 Queen Street West, Toronto, ON M5H 2M9",Yellow Pages
Jabistro,"222 Richmond St W, Toronto, ON M5V 1V6",Yellow Pages
Arisu,"584 Bloor St W, Toronto, ON M6G 1K4",Yellow Pages
Budapest Restaurant,"2183 Danforth Ave, Toronto, ON M4C 1K4",Yellow Pages
Sip Wine Bar,"2 Broadway Ave, Toronto, ON M4P 1T4",Yellow Pages
The Kennedy Public House,"2199 Bloor St W, Toronto, ON M6S 1N2",Yellow Pages
Butchers Of Distinction,"738 Queen St E, Toronto, ON M4M 1H2",Yellow Pages
Athens Restaurant,"707 Danforth, Toronto, ON M1K 1G4",Yellow Pages
Brownes Bistro,"101-1251 Yonge St, Toronto, ON M4T 1W6",Yellow Pages
The Peasant Table,"782, Queen St E, Toronto, ON M4M 1H4",Yellow Pages
Junction Local,"3076 Dundas St W, Toronto, ON M6P 1Z8",Yellow Pages
Oretta,"633 King St W, Toronto, ON M5V 1M5",Yellow Pages
Cano Restaurant,"1108A St Clair Ave W, Toronto, ON M6E 1A7",Yellow Pages
Böehmer,"93 Ossington Ave, Toronto, ON M6J 2Z2",Yellow Pages
Antler,"1454 Dundas St W, Toronto, ON M6J 1Y6",Yellow Pages
Batifole Restaurant,"744 Gerrard St E, Toronto, ON M4M 1Y3",Yellow Pages
Factory Girl,"193, Danforth Ave, Toronto, ON M4K 1N2",Yellow Pages
